{
	"credit": "Created by Stridey",
	"parent": "block/block",
	"textures": {
		"texture": "#texture",
		"particle": "#texture"
	},
	"elements": [
		{
			"from": [0, 0, 7],
			"to": [16, 16, 9],
			"rotation": {"angle": 0, "axis": "y", "origin": [0, 0, 7]},
			"faces": {
				"east": {"uv": [7, 0, 9, 16], "texture": "#texture"},
				"west": {"uv": [7, 0, 9, 16], "texture": "#texture"},
				"up": {"uv": [9, 0, 7, 16], "rotation": 270, "texture": "#texture"},
				"down": {"uv": [9, 0, 7, 16], "rotation": 90, "texture": "#texture"}
			}
		},
		{
			"from": [16, 0, 7],
			"to": [0, 16, 9],
			"rotation": {"angle": 0, "axis": "y", "origin": [16, 0, 7]},
			"faces": {
				"east": {"uv": [9, 0, 7, 16], "texture": "#texture"},
				"west": {"uv": [9, 0, 7, 16], "texture": "#texture"},
				"up": {"uv": [7, 0, 9, 16], "rotation": 270, "texture": "#texture"},
				"down": {"uv": [9, 0, 7, 16], "rotation": 90, "texture": "#texture"}
			}
		},
		{
			"from": [0, 0, 8],
			"to": [16, 16, 8],
			"rotation": {"angle": 0, "axis": "y", "origin": [0, 0, 7]},
			"faces": {
				"north": {"uv": [0, 0, 16, 16], "texture": "#texture"},
				"south": {"uv": [0, 0, 16, 16], "texture": "#texture"}
			}
		}
	],
	"display": {
		"gui": {
			"rotation": [30, -135, 0],
			"scale": [0.75, 0.75, 0.75]
		}
	}
}